{
	"credit": "Made with Blockbench",
	"textures": {
		"0": "contenttweaker:block/common_cluster",
		"particle": "contenttweaker:block/common_cluster"
	},
	"elements": [
		{
			"from": [5, 0, 5],
			"to": [11, 11, 11],
			"faces": {
				"north": {"uv": [6, 0, 12, 11], "texture": "#0"},
				"east": {"uv": [6, 0, 12, 11], "texture": "#0"},
				"south": {"uv": [6, 0, 12, 11], "texture": "#0"},
				"west": {"uv": [6, 0, 12, 11], "texture": "#0"},
				"up": {"uv": [6, 0, 12, 6], "texture": "#0"},
				"down": {"uv": [6, 0, 12, 6], "texture": "#0"}
			}
		},
		{
			"from": [6, 11, 6],
			"to": [10, 12, 10],
			"faces": {
				"north": {"uv": [7, 1, 11, 2], "texture": "#0"},
				"east": {"uv": [7, 1, 11, 2], "texture": "#0"},
				"south": {"uv": [7, 1, 11, 2], "texture": "#0"},
				"west": {"uv": [7, 1, 11, 2], "texture": "#0"},
				"up": {"uv": [7, 1, 11, 5], "texture": "#0"},
				"down": {"uv": [0, 0, 4, 4], "texture": "#0"}
			}
		},
		{
			"from": [7, 12, 7],
			"to": [9, 13, 9],
			"faces": {
				"north": {"uv": [8, 2, 10, 3], "texture": "#0"},
				"east": {"uv": [8, 2, 10, 3], "texture": "#0"},
				"south": {"uv": [8, 2, 10, 3], "texture": "#0"},
				"west": {"uv": [8, 2, 10, 3], "texture": "#0"},
				"up": {"uv": [8, 2, 10, 4], "texture": "#0"},
				"down": {"uv": [0, 0, 2, 2], "texture": "#0"}
			}
		},
		{
			"from": [8, 7, 7],
			"to": [10, 13, 9],
			"rotation": {"angle": 22.5, "axis": "x", "origin": [0, 0, 0]},
			"faces": {
				"north": {"uv": [0, 0, 2, 6], "texture": "#0"},
				"east": {"uv": [0, 0, 2, 6], "texture": "#0"},
				"south": {"uv": [0, 0, 2, 6], "texture": "#0"},
				"west": {"uv": [0, 0, 2, 6], "texture": "#0"},
				"up": {"uv": [0, 6, 2, 8], "texture": "#0"},
				"down": {"uv": [0, 0, 2, 2], "texture": "#0"}
			}
		},
		{
			"from": [5.5, 7, 7],
			"to": [7.5, 13, 9],
			"rotation": {"angle": -22.5, "axis": "x", "origin": [0, 0, 16]},
			"faces": {
				"north": {"uv": [4, 0, 6, 6], "texture": "#0"},
				"east": {"uv": [4, 0, 6, 6], "texture": "#0"},
				"south": {"uv": [4, 0, 6, 6], "texture": "#0"},
				"west": {"uv": [4, 0, 6, 6], "texture": "#0"},
				"up": {"uv": [4, 6, 6, 8], "texture": "#0"},
				"down": {"uv": [0, 2, 2, 4], "texture": "#0"}
			}
		},
		{
			"from": [7, 7, 8.5],
			"to": [9, 13, 10.5],
			"rotation": {"angle": -22.5, "axis": "z", "origin": [0, 0, 16]},
			"faces": {
				"north": {"uv": [2, 0, 4, 6], "texture": "#0"},
				"east": {"uv": [2, 0, 4, 6], "texture": "#0"},
				"south": {"uv": [2, 0, 4, 6], "texture": "#0"},
				"west": {"uv": [2, 0, 4, 6], "texture": "#0"},
				"up": {"uv": [4, 8, 2, 6], "texture": "#0"},
				"down": {"uv": [4, 6, 2, 8], "texture": "#0"}
			}
		}
	]
}