{
  "retroGen": false,
  "swapper": {
    "minecraft:iron_ore": "minecraft:coal_ore",
    "minecraft:gold_ore": "minecraft:coal_ore",
    "minecraft:diamond_ore": "minecraft:coal_ore",
    "minecraft:redstone_ore": "minecraft:coal_ore",
    "minecraft:lapis_ore": "minecraft:coal_ore",
    "minecraft:emerald_ore": "minecraft:coal_ore",
    "create:zinc_ore": "minecraft:coal_ore",
    "create:copper_ore": "minecraft:coal_ore",
    "immersiveengineering:ore_copper": "minecraft:coal_ore",
    "immersiveengineering:ore_aluminum": "minecraft:coal_ore",
    "immersiveengineering:ore_lead": "minecraft:coal_ore",
    "immersiveengineering:ore_uranium": "minecraft:coal_ore",
    "immersiveengineering:ore_silver": "minecraft:coal_ore",
    "immersiveengineering:ore_nickel": "minecraft:coal_ore",
    "mekanism:osmium_ore": "minecraft:coal_ore",
    "mekanism:copper_ore": "minecraft:coal_ore",
    "mekanism:tin_ore": "minecraft:coal_ore",
    "mekanism:uranium_ore": "minecraft:coal_ore",
    "mekanism:lead_ore": "minecraft:coal_ore",
    "mekanism:fluorite_ore": "minecraft:coal_ore",
    "thermal:apatite_ore": "minecraft:coal_ore",
    "thermal:cinnabar_ore": "minecraft:coal_ore",
    "thermal:niter_ore": "minecraft:coal_ore",
    "thermal:sulfur_ore": "minecraft:coal_ore",
    "thermal:copper_ore": "minecraft:coal_ore",
    "thermal:tin_ore": "minecraft:coal_ore",
    "thermal:silver_ore": "minecraft:coal_ore",
    "thermal:lead_ore": "minecraft:coal_ore",
    "thermal:nickel_ore": "minecraft:coal_ore",
    "tconstruct:copper_ore": "minecraft:coal_ore"
  }
}