{
  "oreConfig": [
    {
      "ore": "minecraft:infested_stone",
      "minY": -1,
      "maxY": -1,
      "maxVeinSize": -1,
      "spawnRate": -1.0
    },
    {
      "ore": "minecraft:nether_gold_ore",
      "minY": -1,
      "maxY": -1,
      "maxVeinSize": -1,
      "spawnRate": -1.0
    },
    {
      "ore": "minecraft:nether_quartz_ore",
      "minY": -1,
      "maxY": -1,
      "maxVeinSize": -1,
      "spawnRate": -1.0
    },
    {
      "ore": "minecraft:ancient_debris",
      "minY": -1,
      "maxY": -1,
      "maxVeinSize": -1,
      "spawnRate": -1.0
    },
    {
      "ore": "tconstruct:cobalt_ore",
      "minY": -1,
      "maxY": -1,
      "maxVeinSize": -1,
      "spawnRate": -1.0
    }
  ]
}