{
  "type": "minecraft:generic",
  "pools": [
    {
      "rolls": {
        "min": 1,
        "max": 3
      },
      "entries": [
        {
          "type": "minecraft:item",
          "name": "minecraft:iron_nugget"
        }
      ]
    },
    {
      "rolls": {
        "min": 1,
        "max": 3
      },
      "entries": [
        {
          "type": "minecraft:item",
          "name": "create:copper_nugget"
        }
      ]
    },
    {
      "rolls": {
        "min": 0,
        "max": 4
      },
      "entries": [
        {
          "type": "minecraft:item",
          "name": "minecraft:redstone"
        }
      ]
    }
  ]
}
