{
  "oreConfig": [
    {
      "ore": "minecraft:infested_stone",
      "minY": -1,
      "maxY": -1,
      "maxVeinSize": -1,
      "spawnRate": -1.0
    },
    {
      "ore": "minecraft:iron_ore",
      "minY": -1,
      "maxY": -1,
      "maxVeinSize": -1,
      "spawnRate": -1.0
    },
    {
      "ore": "minecraft:gold_ore",
      "minY": -1,
      "maxY": -1,
      "maxVeinSize": -1,
      "spawnRate": -1.0
    },
    {
      "ore": "minecraft:redstone_ore",
      "minY": -1,
      "maxY": -1,
      "maxVeinSize": -1,
      "spawnRate": -1.0
    },
    {
      "ore": "minecraft:lapis_ore",
      "minY": -1,
      "maxY": -1,
      "maxVeinSize": -1,
      "spawnRate": -1.0
    },
    {
      "ore": "minecraft:diamond_ore",
      "minY": -1,
      "maxY": -1,
      "maxVeinSize": -1,
      "spawnRate": -1.0
    },
    {
      "ore": "minecraft:emerald_ore",
      "minY": -1,
      "maxY": -1,
      "maxVeinSize": -1,
      "spawnRate": -1.0
    }
  ]
}