{
  "type": "minecraft:chest",
  "pools": [
    {
      "rolls": 3,
      "entries": [
        {
          "type": "minecraft:item",
          "weight": 15,
          "functions": [
            {
              "function": "minecraft:set_count",
              "count": 1
            }
          ],
          "name": "minecraft:diamond"
        },
        {
          "type": "minecraft:item",
          "weight": 10,
          "functions": [
            {
              "function": "minecraft:set_count",
              "count": 1
            }
          ],
          "name": "minecraft:gold_ingot"
        },
        {
          "type": "minecraft:item",
          "weight": 8,
          "functions": [
            {
              "function": "minecraft:set_count",
              "count": 1
            }
          ],
          "name": "thermal:lead_ingot"
        },
        {
          "type": "minecraft:item",
          "weight": 4,
          "functions": [
            {
              "function": "minecraft:set_count",
              "count": 2
            }
          ],
          "name": "thermal:lead_ingot"
        },
        {
          "type": "minecraft:item",
          "weight": 6,
          "functions": [
            {
              "function": "minecraft:set_damage",
              "damage": {
                "min": 0.8,
                "max": 1.0
              }
            },
            {
              "function": "minecraft:enchant_with_levels",
              "levels": {
                "min": 10.0,
                "max": 29.0,
                "type": "minecraft:uniform"
              }
            }
          ],
          "name": "minecraft:iron_sword"
        },
        {
          "type": "minecraft:item",
          "weight": 6,
          "functions": [
            {
              "function": "minecraft:set_damage",
              "damage": {
                "min": 0.8,
                "max": 1.0
              }
            },
            {
              "function": "minecraft:enchant_with_levels",
              "levels": {
                "min": 10.0,
                "max": 29.0,
                "type": "minecraft:uniform"
              }
            }
          ],
          "name": "minecraft:iron_chestplate"
        },
        {
          "type": "minecraft:item",
          "weight": 6,
          "functions": [
            {
              "function": "minecraft:set_damage",
              "damage": {
                "min": 0.8,
                "max": 1.0
              }
            },
            {
              "function": "minecraft:enchant_with_levels",
              "levels": {
                "min": 10.0,
                "max": 29.0,
                "type": "minecraft:uniform"
              }
            }
          ],
          "name": "minecraft:iron_helmet"
        },
        {
          "type": "minecraft:item",
          "weight": 6,
          "functions": [
            {
              "function": "minecraft:set_damage",
              "damage": {
                "min": 0.8,
                "max": 1.0
              }
            },
            {
              "function": "minecraft:enchant_with_levels",
              "levels": {
                "min": 10.0,
                "max": 29.0,
                "type": "minecraft:uniform"
              }
            }
          ],
          "name": "minecraft:iron_leggings"
        },
        {
          "type": "minecraft:item",
          "weight": 6,
          "functions": [
            {
              "function": "minecraft:set_damage",
              "damage": {
                "min": 0.8,
                "max": 1.0
              }
            },
            {
              "function": "minecraft:enchant_with_levels",
              "levels": {
                "min": 10.0,
                "max": 29.0,
                "type": "minecraft:uniform"
              }
            }
          ],
          "name": "minecraft:iron_boots"
        },
        {
          "type": "minecraft:item",
          "weight": 6,
          "name": "minecraft:iron_sword"
        },
        {
          "type": "minecraft:item",
          "weight": 5,
          "name": "minecraft:iron_chestplate"
        },
        {
          "type": "minecraft:item",
          "weight": 5,
          "name": "minecraft:iron_helmet"
        },
        {
          "type": "minecraft:item",
          "weight": 5,
          "name": "minecraft:iron_boots"
        },
        {
          "type": "minecraft:item",
          "weight": 5,
          "name": "minecraft:iron_leggings"
        },
        {
          "type": "minecraft:item",
          "weight": 5,
          "functions": [
            {
              "function": "minecraft:set_count",
              "count": {
                "min": 2.0,
                "max": 6.0,
                "type": "minecraft:uniform"
              }
            }
          ],
          "name": "create:copper_ingot"
        },
        {
          "type": "minecraft:item",
          "weight": 5,
          "functions": [
            {
              "function": "minecraft:set_count",
              "count": {
                "min": 2.0,
                "max": 6.0,
                "type": "minecraft:uniform"
              }
            }
          ],
          "name": "minecraft:iron_ingot"
        },
        {
          "type": "minecraft:item",
          "weight": 2,
          "functions": [
            {
              "function": "minecraft:set_count",
              "count": 1
            }
          ],
          "name": "minecraft:enchanted_golden_apple"
        }
      ]
    },
    {
      "rolls": {
        "min": 3.0,
        "max": 4.0,
        "type": "minecraft:uniform"
      },
      "entries": [
        {
          "type": "minecraft:item",
          "functions": [
            {
              "function": "minecraft:set_count",
              "count": {
                "min": 12.0,
                "max": 25.0,
                "type": "minecraft:uniform"
              }
            }
          ],
          "name": "minecraft:spectral_arrow"
        },
        {
          "type": "minecraft:item",
          "functions": [
            {
              "function": "minecraft:set_count",
              "count": {
                "min": 2.0,
                "max": 5.0,
                "type": "minecraft:uniform"
              }
            }
          ],
          "name": "create:copper_block"
        },
        {
          "type": "minecraft:item",
          "functions": [
            {
              "function": "minecraft:set_count",
              "count": {
                "min": 2.0,
                "max": 5.0,
                "type": "minecraft:uniform"
              }
            }
          ],
          "name": "minecraft:iron_block"
        },
        {
          "type": "minecraft:item",
          "functions": [
            {
              "function": "minecraft:set_count",
              "count": {
                "min": 3.0,
                "max": 9.0,
                "type": "minecraft:uniform"
              }
            }
          ],
          "name": "thermal:bronze_ingot"
        },
        {
          "type": "minecraft:item",
          "functions": [
            {
              "function": "minecraft:set_count",
              "count": {
                "min": 3.0,
                "max": 9.0,
                "type": "minecraft:uniform"
              }
            }
          ],
          "name": "minecraft:redstone"
        },
        {
          "type": "minecraft:item",
          "functions": [
            {
              "function": "minecraft:set_count",
              "count": {
                "min": 3.0,
                "max": 5.0,
                "type": "minecraft:uniform"
              }
            }
          ],
          "name": "minecraft:crying_obsidian"
        },
        {
          "type": "minecraft:item",
          "functions": [
            {
              "function": "minecraft:set_count",
              "count": {
                "min": 8.0,
                "max": 23.0,
                "type": "minecraft:uniform"
              }
            }
          ],
          "name": "minecraft:quartz"
        },
        {
          "type": "minecraft:item",
          "functions": [
            {
              "function": "minecraft:set_count",
              "count": {
                "min": 5.0,
                "max": 15.0,
                "type": "minecraft:uniform"
              }
            }
          ],
          "name": "minecraft:gilded_blackstone"
        },
        {
          "type": "minecraft:item",
          "functions": [
            {
              "function": "minecraft:set_count",
              "count": {
                "min": 3.0,
                "max": 8.0,
                "type": "minecraft:uniform"
              }
            }
          ],
          "name": "minecraft:magma_cream"
        }
      ]
    }
  ]
}