{
    "pools": [
        {
            "rolls": {
                "min": 0,
                "max": 2
            },
            "entries": [
                {
                    "type": "minecraft:item",
                    "name": "create:crushed_iron_ore"
                },
                {
                    "type": "minecraft:item",
                    "name": "create:crushed_tin_ore"
                }
            ]
        },
        {
            "rolls": {
                "min": 1,
                "max": 2
            },
            "entries": [
                {
                    "type": "minecraft:item",
                    "name": "create:crushed_nickel_ore"
                }
            ]
        },
        {
            "rolls": {
                "min": 1,
                "max": 1
            },
            "entries": [
                {
                    "type": "minecraft:item",
                    "name": "create:crushed_silver_ore"
                }
            ]
            
        }
    ]
}