{
  "pools": [
    {
      "rolls":{
        "min": 0,
        "max": 1
      },
      "entries": [
        {
          "type": "minecraft:item",
          "name": "minecraft:iron_nugget"
        }
      ]
    },
    {
      "rolls":{
        "min": 0,
        "max": 1
      },
      "entries": [
        {
          "type": "minecraft:item",
          "name": "create:copper_nugget"
        }
      ]
    },
    {
      "rolls":{
        "min": 0,
        "max": 1
      },
      "entries": [
        {
          "type": "minecraft:item",
          "name": "minecraft:redstone"
        }
      ]
    }
  ]
}
