{
    "name": "Centrifuge",
    "appearance": {
        "idle": {
            "block": "contenttweeaker:centrifuge",
            "item": "contenttwekaer:centrifuge"
        }
    },
    "components":[
        {
            "type": "custommachinery:item",
            "id": "input",
            "mode": "input"
        },
        {
            "type": "custommachinery:item",
            "id": "output",
            "mode": "output"
        },
        {
            "type": "custommachinery:item",
            "id": "secondary",
            "mode": "output"
        },
        {
            "type":"custommachinery:item",
            "id": "second_input",
            "mode": "input"
        },
        {
            "type": "custommachinery:energy",
            "capacity": 100000
        }
    ],
    "gui": [
        {
            "type": "custommachinery:energy",
            "x": 50,
            "y": 30,
            "width": 20,
            "height": 38
        },
        {
            "type": "custommachinery:player_inventory",
            "x": 50,
            "y": 80
        },
        {
            "type": "custommachinery:progress",
            "x": 120,
            "y": 50
        },
        {
            "type": "custommachinery:slot",
            "x": 94,
            "y": 50,
            "id": "second_input"
        },
        {
            "type": "custommachinery:slot",
            "x": 154,
            "y": 50,
            "id": "output"
        },
        {
            "type": "custommachinery:slot",
            "x": 174,
            "y": 50,
            "id": "secondary"
        },
        {
            "type": "custommachinery:slot",
            "x": 74,
            "y": 50,
            "id": "input"
        },
        {
            "type": "custommachinery:status",
            "x": 192,
            "y": 59,
            "width": 10,
            "height": 10
        },
        {
            "type": "custommachinery:text",
            "x": 114,
            "y": 30,
            "text": "Centrifuge"
        },
        {
            "type": "custommachinery:texture",
            "x": 40,
            "y": 20,
            "width": 182,
            "texture": "custommachinery:textures/gui/base_background.png",
            "height": 142,
            "priority": 1
        }
    ]
}